Tahun,USD,JPY,DEM,NLG,GBP,FRH,CHF,SGD,MYR,HKD,AUD,CAD
2026,0,0,0,0,0,0,0,0,0,0,0,0
Mei,"17,789.00","11,174.00",0,0,"23,970.70",0,"22,677.05","13,924.31","4,485.40","2,270.21","12,743.16","12,885.92"
April,"17,324.00","10,850.00",0,0,"23,397.00",2,"21,953.00","13,565.00","4,385.00","2,211.00","12,409.00","12,663.00"
Maret,"16,993.00","10,635.00",0,0,"22,508.00",1,"21,245.00","13,182.00","4,216.00","2,169.00","11,642.00","12,217.00"
Februari,"16,758.00","10,739.00",0,0,"22,701.00",0,"21,713.00","13,270.00","4,311.00","2,142.00","11,937.00","12,267.00"
Januari,"16,786.00","10,949.00",0,0,"23,218.00",0,"21,898.00","13,291.00","4,270.00","2,151.00","11,867.00","12,409.00"
2025,0,0,0,0,0,0,0,0,0,0,0,0
Desember,"16,782.00","10,759.00",0,0,"22,666.00",5,"21,274.00","13,069.00","4,144.00","2,157.00","11,255.00","12,264.00"
November,"16,644.00","10,661.00",0,0,"22,035.00",5,"20,682.00","12,834.00","4,029.00","2,140.00","10,872.00","11,859.00"
Oktober,"16,640.00","10,847.00",0,0,"21,961.00",4,"20,835.00","12,814.00","3,963.00","2,142.00","10,950.00","11,937.00"
September,"16,680.00","11,226.00",0,0,"22,428.00",3,"20,961.00","12,934.00","3,960.00","2,144.00","10,957.00","11,984.00"
Agustus,"16,356.00","11,113.00",0,0,"22,079.00",3,"20,413.00","12,728.00","3,871.00","2,098.00","10,656.00","11,871.00"
Juli,"16,387.00","11,067.00",0,0,"21,894.00",2,"20,360.00","12,726.00","3,866.00","2,088.00","10,655.00","11,902.00"
Juni,"16,233.00","11,268.00",0,0,"22,298.00",1,"20,257.00","12,748.00","3,844.00","2,068.00","10,606.00","11,846.00"
Mei,"16,255.00","11,308.00",0,0,"21,985.00",0,"19,703.00","12,626.00","3,837.00","2,074.00","10,480.00","11,808.00"
April,"16,787.00","11,789.00",0,0,"22,532.00",0,"20,387.00","12,847.00","3,885.00","2,164.00","10,794.00","12,148.00"
Maret,"16,588.00","11,030.00",0,0,"21,417.00",0,"18,771.00","12,406.00","3,745.00","2,134.00","10,481.00","11,640.00"
Februari,"16,431.00","11,008.00",0,0,"20,813.00",0,"18,330.00","12,257.00","3,701.00","2,113.00","10,347.00","11,459.00"
Januari,"16,259.00","10,524.00",0,0,"20,246.00",0,"17,939.00","12,046.00","3,701.00","2,087.00","10,117.00","11,276.00"
2024,0,0,0,0,0,0,0,0,0,0,0,0
Desember,"16,162.00","10,236.00",0,0,"20,333.00",0,"17,921.00","11,919.00","3,616.00","2,082.00","10,082.00","11,225.00"
November,"15,864.00","10,453.00",0,0,"20,068.00",0,"17,945.00","11,806.00","3,567.00","2,039.00","10,283.00","11,310.00"
Oktober,"15,732.00","10,260.00",0,0,"20,465.00",0,"18,137.00","11,878.00","3,587.00","2,025.00","10,319.00","11,303.00"
September,"15,138.00","10,566.00",0,0,"20,237.00",0,"17,900.00","11,788.00","3,675.00","1,946.00","10,417.00","11,222.00"
Agustus,"15,409.00","10,649.00",0,0,"20,357.00",0,"18,295.00","11,838.00","3,564.00","1,976.00","10,489.00","11,447.00"
Juli,"16,320.00","10,540.00",0,0,"20,972.00",0,"18,411.00","12,144.00","3,533.00","2,089.00","10,692.00","11,785.00"
Juni,"16,421.00","10,228.00",0,0,"20,746.00",0,"18,299.00","12,096.00","3,479.00","2,103.00","10,940.00","11,997.00"
Mei,"16,253.00","10,353.00",0,0,"20,656.00",0,"17,860.00","12,023.00","3,453.00","2,079.00","10,742.00","11,847.00"
April,"16,249.00","10,445.00",0,0,"20,366.00",0,"17,828.00","11,949.00","3,404.00","2,076.00","10,667.00","11,900.00"
Maret,"15,853.00","10,451.00",0,0,"20,022.00",0,"17,508.00","11,766.00","3,351.00","2,026.00","10,346.00","11,660.00"
Februari,"15,673.00","10,396.00",0,0,"19,840.00",0,"17,790.00","11,647.00","3,291.00","2,003.00","10,200.00","11,563.00"
Januari,"15,796.00","10,723.00",0,0,"20,057.00",0,"18,346.00","11,796.00","3,341.00","2,021.00","10,447.00","11,782.00"
2023,0,0,0,0,0,0,0,0,0,0,0,0
Desember,"15,416.00","10,955.00",0,0,"19,760.00",0,"18,374.00","11,712.00","3,342.00","1,973.00","10,565.00","11,689.00"
November,"15,384.00","10,442.00",0,0,"19,542.00",0,"17,529.00","11,554.00","3,306.00","1,973.00","10,202.00","11,342.00"
Oktober,"15,916.00","10,645.00",0,0,"19,254.00",0,"17,608.00","11,636.00","3,341.00","2,035.00","10,116.00","11,485.00"
September,"15,526.00","10,420.00",0,0,"18,861.00",0,"16,942.00","11,334.00","3,300.00","1,985.00","9,906.00","11,484.00"
Agustus,"15,239.00","10,410.00",0,0,"19,256.00",0,"17,316.00","11,265.00","3,281.00","1,942.00","9,852.00","11,238.00"
Juli,"15,083.00","10,791.00",0,0,"19,273.00",0,"17,270.00","11,307.00","3,311.00","1,934.00","9,990.00","11,386.00"
Juni,"15,026.00","10,492.00",0,0,"19,142.00",0,"16,787.00","11,102.00","3,213.00","1,919.00","10,030.00","11,422.00"
Mei,"14,969.00","10,673.00",0,0,"18,499.00",0,"16,513.00","11,053.00","3,245.00","1,911.00","9,781.00","11,020.00"
April,"14,751.00","11,024.00",0,0,"18,380.00",0,"16,533.00","11,046.00","3,307.00","1,879.00","9,765.00","10,818.00"
Maret,"15,062.00","11,371.00",0,0,"18,603.00",0,"16,422.00","11,342.00","3,407.00","1,919.00","10,108.00","11,124.00"
Februari,"15,274.00","11,224.00",0,0,"18,275.00",0,"16,227.00","11,315.00","3,411.00","1,947.00","10,266.00","11,235.00"
Januari,"14,979.00","11,548.00",0,0,"18,540.00",0,"16,234.00","11,407.00","3,528.00","1,912.00","10,613.00","11,230.00"
2022,0,0,0,0,0,0,0,0,0,0,0,0
Desember,"15,731.00","11,757.00",0,0,"18,926.00",0,"16,968.00","11,659.00","3,556.00","2,019.00","10,581.00","11,566.00"
November,"15,737.00","11,392.00",0,0,"18,954.00",0,"16,607.00","11,459.00","3,490.00","2,014.00","10,575.00","11,727.00"
Oktober,"15,542.00","10,565.00",0,0,"17,901.00",0,"15,626.00","11,006.00","3,291.00","1,980.00","9,980.00","11,425.00"
September,"15,247.00","10,536.00",0,0,"16,436.00",0,"15,487.00","10,563.00","3,281.00","1,942.00","9,824.00","11,092.00"
Agustus,"14,875.00","10,744.00",0,0,"17,456.00",0,"15,330.00","10,656.00","3,319.00","1,895.00","10,303.00","11,451.00"
Juli,"14,958.00","11,034.00",0,0,"18,223.00",0,"15,593.00","10,829.00","3,362.00","1,906.00","10,468.00","11,680.00"
Juni,"14,848.00","10,904.00",0,0,"18,074.00",0,"15,546.00","10,685.00","3,374.00","1,892.00","10,209.00","11,532.00"
Mei,"14,544.00","11,425.00",0,0,"18,372.00",0,"15,201.00","10,638.00","3,327.00","1,853.00","10,454.00","11,459.00"
April,"14,418.00","11,268.00",0,0,"18,087.00",0,"14,932.00","10,449.00","3,307.00","1,837.00","10,310.00","11,225.00"
Maret,"14,349.00","11,794.00",0,0,"18,854.00",0,"15,502.00","10,605.00","3,413.00","1,833.00","10,783.00","11,497.00"
Februari,"14,371.00","12,533.00",0,0,"19,341.00",0,"15,621.00","10,631.00","3,420.00","1,840.00","10,328.00","11,220.00"
Januari,"14,381.00","12,447.00",0,0,"19,233.00",0,"15,447.00","10,600.00","3,427.00","1,845.00","10,077.00","11,263.00"
2021,0,0,0,0,0,0,0,0,0,0,0,0
Desember,"14,269.00","12,389.00",0,0,"19,200.00",0,"15,544.00","10,534.00","3,416.00","1,830.00","10,344.00","11,139.00"
November,"14,340.00","12,653.00",0,0,"19,127.00",0,"15,502.00","10,477.00","3,382.00","1,839.00","10,242.00","11,244.00"
Oktober,"14,199.00","12,497.00",0,0,"19,525.00",0,"15,457.00","10,536.00","3,421.00","1,826.00","10,667.00","11,479.00"
September,"14,307.00","12,852.00",0,0,"19,323.00",0,"15,397.00","10,540.00","3,419.00","1,838.00","10,373.00","11,277.00"
Agustus,"14,374.00","13,087.00",0,0,"19,784.00",0,"15,701.00","10,679.00","3,456.00","1,846.00","10,489.00","11,396.00"
Juli,"14,491.00","13,194.00",0,0,"20,224.00",0,"15,953.00","10,703.00","3,423.00","1,864.00","10,726.00","11,624.00"
Juni,"14,496.00","13,106.00",0,0,"20,061.00",0,"15,738.00","10,781.00","3,493.00","1,867.00","10,915.00","11,709.00"
Mei,"14,310.00","13,025.00",0,0,"20,321.00",0,"15,935.00","10,815.00","3,462.00","1,844.00","11,061.00","11,842.00"
April,"14,468.00","13,276.00",0,0,"20,171.00",0,"15,894.00","10,906.00","3,527.00","1,864.00","11,253.00","11,760.00"
Maret,"14,572.00","13,166.00",0,0,"20,004.00",0,"15,447.00","10,818.00","3,508.00","1,874.00","11,080.00","11,543.00"
Februari,"14,229.00","13,429.00",0,0,"19,948.00",0,"15,734.00","10,734.00","3,514.00","1,835.00","11,196.00","11,302.00"
Januari,"14,084.00","13,482.00",0,0,"19,311.00",0,"15,837.00","10,584.00","3,475.00","1,817.00","10,783.00","10,960.00"
2020,0,0,0,0,0,0,0,0,0,0,0,0
Desember,"14,105.00","13,647.00",0,0,"19,086.00",0,"15,982.00","10,644.00","3,492.00","1,819.00","10,771.00","11,019.00"
November,"14,128.00","13,601.00",0,0,"18,845.00",0,"15,638.00","10,565.00","3,472.00","1,823.00","10,448.00","10,879.00"
Oktober,"14,690.00","14,027.00",0,0,"19,151.00",0,"16,204.00","10,807.00","3,528.00","1,895.00","10,481.00","11,143.00"
September,"14,918.00","14,114.00",0,0,"19,197.00",0,"16,212.00","10,909.00","3,590.00","1,925.00","10,652.00","11,149.00"
Agustus,"14,554.00","13,801.00",0,0,"19,424.00",0,"16,096.00","10,718.00","3,494.00","1,878.00","10,726.00","11,127.00"
Juli,"14,653.00","13,945.00",0,0,"19,021.00",0,"16,050.00","10,656.00","3,454.00","1,891.00","10,514.00","10,983.00"
Juni,"14,302.00","13,280.00",0,0,"17,598.00",0,"15,035.00","10,265.00","3,340.00","1,845.00","9,838.00","10,471.00"
Mei,"14,733.00","13,715.00",0,0,"18,155.00",0,"15,291.00","10,413.00","3,388.00","1,900.00","9,779.00","10,696.00"
April,"15,157.00","14,203.00",0,0,"18,877.00",0,"15,549.00","10,739.00","3,503.00","1,956.00","9,918.00","10,925.00"
Maret,"16,367.00","15,086.00",0,0,"20,190.00",0,"17,037.00","11,495.00","3,791.00","2,111.00","10,096.00","11,546.00"
Februari,"14,234.00","13,019.00",0,0,"18,343.00",0,"14,690.00","10,187.00","3,375.00","1,826.00","9,336.00","10,611.00"
Januari,"13,662.00","12,524.00",0,0,"17,898.00",0,"14,085.00","10,035.00","3,343.00","1,758.00","9,180.00","10,347.00"
2019,0,0,0,0,0,0,0,0,0,0,0,0
Desember,"13,901.00","12,797.00",0,0,"18,250.00",0,"14,366.00","10,321.00","3,397.00","1,785.00","9,739.00","10,654.00"
November,"14,102.00","12,878.00",0,0,"18,205.00",0,"14,120.00","10,325.00","3,381.00","1,801.00","9,542.00","10,615.00"
Oktober,"14,008.00","12,891.00",0,0,"18,104.00",0,"14,190.00","10,294.00","3,354.00","1,788.00","9,700.00","10,643.00"
September,"14,174.00","13,136.00",0,0,"17,418.00",0,"14,302.00","10,258.00","3,385.00","1,808.00","9,585.00","10,708.00"
Agustus,"14,237.00","13,365.00",0,0,"17,344.00",0,"14,417.00","10,247.00","3,369.00","1,815.00","9,559.00","10,707.00"
Juli,"14,026.00","12,921.00",0,0,"17,044.00",0,"14,160.00","10,234.00","3,397.00","1,792.00","9,652.00","10,676.00"
Juni,"14,141.00","13,139.00",0,0,"17,915.00",0,"14,494.00","10,446.00","3,413.00","1,810.00","9,904.00","10,797.00"
Mei,"14,385.00","13,164.00",0,0,"18,143.00",0,"14,301.00","10,425.00","3,427.00","1,833.00","9,945.00","10,630.00"
April,"14,215.00","12,737.00",0,0,"18,395.00",0,"13,946.00","10,437.00","3,438.00","1,812.00","10,022.00","10,563.00"
Maret,"14,244.00","12,856.00",0,0,"18,609.00",0,"14,309.00","10,507.00","3,490.00","1,815.00","10,098.00","10,610.00"
Februari,"14,062.00","12,683.00",0,0,"18,710.00",0,"14,065.00","10,425.00","3,454.00","1,791.00","10,040.00","10,691.00"
Januari,"14,072.00","12,926.00",0,0,"18,462.00",0,"14,170.00","10,446.00","3,439.00","1,794.00","10,211.00","10,709.00"
2018,0,0,0,0,0,0,0,0,0,0,0,0
Desember,"14,481.00","13,112.00",0,0,"18,373.00",0,"14,710.00","10,603.00","3,493.00","1,849.00","10,211.00","10,624.00"
November,"14,339.00","12,646.00",0,0,"18,327.00",0,"14,394.00","10,460.00","3,424.00","1,833.00","10,493.00","10,794.00"
Oktober,"15,227.00","13,459.00",0,0,"19,354.00",0,"15,152.00","10,989.00","3,639.00","1,941.00","10,792.00","11,610.00"
September,"14,929.00","13,145.00",0,0,"19,527.00",0,"15,283.00","10,919.00","3,606.00","1,910.00","10,771.00","11,466.00"
Agustus,"14,711.00","13,256.00",0,0,"19,142.00",0,"15,190.00","10,760.00","3,580.00","1,874.00","10,665.00","11,302.00"
Juli,"14,413.00","12,983.00",0,0,"18,912.00",0,"14,593.00","10,585.00","3,546.00","1,836.00","10,692.00","11,033.00"
Juni,"14,404.00","13,037.00",0,0,"18,835.00",0,"14,442.00","10,530.00","3,561.00","1,835.00","10,582.00","10,864.00"
Mei,"13,951.00","12,840.00",0,0,"18,553.00",0,"14,111.00","10,414.00","3,511.00","1,778.00","10,546.00","10,832.00"
April,"13,877.00","12,719.00",0,0,"19,119.00",0,"14,047.00","10,489.00","3,541.00","1,768.00","10,503.00","10,806.00"
Maret,"13,756.00","12,906.00",0,0,"19,365.00",0,"14,388.00","10,487.00","3,557.00","1,753.00","10,528.00","10,647.00"
Februari,"13,707.00","12,791.00",0,0,"19,058.00",0,"14,587.00","10,345.00","3,492.00","1,751.00","10,683.00","10,732.00"
Januari,"13,413.00","12,317.00",0,0,"18,972.00",0,"14,342.00","10,223.00","3,438.00","1,715.00","10,808.00","10,872.00"
2017,0,0,0,0,0,0,0,0,0,0,0,0
Desember,"13,548.00","12,022.00",0,0,"18,218.00",0,"13,842.00","10,134.00","3,335.00","1,733.00","10,557.00","10,779.00"
November,"13,514.00","12,067.00",0,0,"18,205.00",0,"13,739.00","10,034.00","3,308.00","1,731.00","10,252.00","10,508.00"
Oktober,"13,572.00","12,002.00",0,0,"17,913.00",0,"13,626.00","9,970.00","3,207.00","1,740.00","10,431.00","10,574.00"
September,"13,492.00","11,980.00",0,0,"18,100.00",0,"13,889.00","9,926.00","3,191.00","1,727.00","10,578.00","10,843.00"
Agustus,"13,351.00","12,084.00",0,0,"17,242.00",0,"13,852.00","9,826.00","3,126.00","1,706.00","10,547.00","10,560.00"
Juli,"13,323.00","12,062.00",0,0,"17,500.00",0,"13,763.00","9,819.00","3,115.00","1,706.00","10,636.00","10,687.00"
Juni,"13,319.00","12,001.00",0,0,"16,868.00",0,"13,698.00","9,591.00","3,110.00","1,708.00","10,051.00","9,997.00"
Mei,"13,321.00","11,988.00",0,0,"17,080.00",0,"13,652.00","9,613.00","3,114.00","1,710.00","9,930.00","9,895.00"
April,"13,327.00","11,991.00",0,0,"17,204.00",0,"13,407.00","9,546.00","3,065.00","1,713.00","9,956.00","9,769.00"
Maret,"13,321.00","11,885.00",0,0,"16,640.00",0,"13,308.00","9,532.00","3,009.00","1,714.00","10,186.00","9,987.00"
Februari,"13,347.00","11,856.00",0,0,"16,592.00",0,"13,230.00","9,495.00","3,003.00","1,720.00","10,255.00","10,120.00"
Januari,"13,343.00","11,774.00",0,0,"16,701.00",0,"13,420.00","9,402.00","3,012.00","1,720.00","10,100.00","10,189.00"
2016,0,0,0,0,0,0,0,0,0,0,0,0
Desember,"13,436.00","11,540.00",0,0,"16,508.00",0,"13,178.00","9,299.00","2,996.00","1,732.00","9,724.00","9,971.00"
November,"13,563.00","12,080.00",0,0,"16,926.00",0,"13,404.00","9,526.00","3,038.00","3,038.00","10,152.00","10,103.00"
Oktober,"13,051.00","12,445.00",0,0,"15,897.00",0,"13,198.00","9,372.00","3,103.00","1,683.00","9,917.00","9,726.00"
September,"12,998.00","12,874.00",0,0,"16,847.00",0,"13,456.00","9,522.00","3,137.00","1,676.00","9,912.00","9,880.00"
Agustus,"13,300.00","12,917.00",0,0,"17,425.00",0,"13,531.00","9,758.00","3,284.00","1,715.00","10,013.00","10,162.00"
Juli,"13,094.00","12,588.00",0,0,"17,270.00",0,"13,369.00","9,699.00","3,229.00","1,688.00","9,872.00","9,966.00"
Juni,"13,180.00","12,831.00",0,0,"17,682.00",0,"13,455.00","9,771.00","3,278.00","1,699.00","9,816.00","10,186.00"
Mei,"13,615.00","12,256.00",0,0,"19,998.00",0,"13,727.00","9,874.00","3,311.00","1,753.00","9,853.00","10,449.00"
April,"13,204.00","12,302.00",0,0,"19,336.00",0,"13,694.00","9,832.00","3,395.00","1,702.00","10,091.00","10,533.00"
Maret,"13,276.00","11,818.00",0,0,"19,058.00",0,"13,747.00","9,830.00","3,389.00","1,712.00","10,162.00","10,222.00"
Februari,"13,395.00","11,815.00",0,0,"18,563.00",0,"13,446.00","9,493.00","3,164.00","1,723.00","9,541.00","9,899.00"
Januari,"13,846.00","11,675.00",0,0,"19,875.00",0,"13,645.00","9,707.00","3,330.00","1,777.00","9,827.00","9,864.00"
2015,0,0,0,0,0,0,0,0,0,0,0,0
Desember,"13,795.00","11,452.00",0,0,"20,451.00",0,"13,951.00","9,751.00","3,210.00","1,780.00","10,064.00","9,948.00"
November,"13,840.00","11,274.00",0,0,"20,792.00",0,"13,421.00","9,784.00","3,240.00","1,786.00","9,939.00","10,343.00"
Oktober,"13,639.00","11,280.00",0,0,"20,894.00",0,"13,792.00","9,732.00","3,168.00","1,760.00","9,686.00","10,365.00"
September,"14,657.00","12,232.00",0,0,"22,208.00",0,"15,082.00","10,274.00","3,297.00","1,891.00","10,270.00","10,917.00"
Agustus,"14,027.00","11,575.00",0,0,"21,645.00",0,"14,605.00","9,937.00","3,344.00","1,810.00","10,005.00","10,593.00"
Juli,"13,481.00","10,874.00",0,0,"21,036.00",0,"13,929.00","9,814.00","3,533.00","1,739.00","9,846.00","10,373.00"
Juni,"13,332.00","10,896.00",0,0,"20,970.00",0,"14,380.00","9,895.00","3,527.00","1,720.00","10,218.00","10,734.00"
Mei,"13,211.00","10,682.00",0,0,"20,254.00",0,"14,015.00","9,806.00","3,626.00","1,704.00","10,130.00","10,635.00"
April,"12,937.00","10,888.00",0,0,"19,959.00",0,"13,761.00","9,795.00","3,641.00","1,669.00","10,335.00","10,754.00"
Maret,"13,084.00","10,895.00",0,0,"19,357.00",0,"13,516.00","9,508.00","3,524.00","1,687.00","10,003.00","10,311.00"
Februari,"12,863.00","10,784.00",0,0,"19,841.00",0,"13,503.00","9,480.00","3,562.00","1,659.00","10,012.00","10,285.00"
Januari,"12,625.00","10,699.00",0,0,"19,035.00",0,"13,687.00","9,338.00","3,481.00","1,629.00","9,830.00","10,002.00"
2014,0,0,0,0,0,0,0,0,0,0,0,0
Desember,"12,440.00","10,425.00",0,0,"19,370.00",0,"12,583.00","9,422.00","3,562.00","1,604.00","10,218.00","10,734.00"
November,"12,196.00","10,322.00",0,0,"19,178.00",0,"12,644.00","9,366.00","3,624.00","1,573.00","10,391.00","10,756.00"
Oktober,"12,082.00","11,043.00",0,0,"19,318.00",0,"12,627.00","9,455.00","3,680.00","1,558.00","10,663.00","10,790.00"
September,"12,212.00","11,170.00",0,0,"19,835.00",0,"12,841.00","9,585.00","3,729.00","1,573.00","10,655.00","10,952.00"
Agustus,"11,717.00","11,297.00",0,0,"19,432.00",0,"12,801.00","9,382.00","3,712.00","1,512.00","10,961.00","10,791.00"
Juli,"11,591.00","11,390.00",0,0,"19,691.00",0,"12,843.00","9,342.00","3,646.00","1,496.00","10,914.00","10,789.00"
Juni,"11,969.00","11,815.00",0,0,"20,380.00",0,"13,435.00","9,583.00","3,729.00","1,544.00","11,265.00","11,215.00"
Mei,"11,611.00","11,435.00",0,0,"19,422.00",0,"12,938.00","9,254.00","3,610.00","1,498.00","10,818.00","10,718.00"
April,"11,532.00","11,261.00",0,0,"19,403.00",0,"13,048.00","9,178.00","3,533.00","1,487.00","10,699.00","10,531.00"
Maret,"11,404.00","11,165.00",0,0,"18,956.00",0,"12,860.00","9,050.00","3,482.00","1,470.00","10,594.00","10,358.00"
Februari,"11,634.00","11,419.00",0,0,"19,410.00",0,"13,098.00","9,193.00","3,549.00","1,499.00","10,433.00","10,459.00"
Januari,"12,226.00","11,955.00",0,0,"20,240.00",0,"13,652.00","9,578.00","3,654.00","1,574.00","10,669.00","10,933.00"
2013,0,0,0,0,0,0,0,0,0,0,0,0
Desember,"12,189.00","11,617.00",0,0,"20,097.00",0,"13,732.00","9,628.00","3,708.00","1,572.00","10,876.00","11,443.00"
November,"11,977.00","11,680.00",0,0,"19,596.00",0,"13,234.00","9,537.00","3,712.00","1,545.00","10,858.00","11,299.00"
Oktober,"11,234.00","11,415.00",0,0,"18,014.00",0,"12,490.00","9,068.00","3,561.00","1,449.00","10,675.00","10,723.00"
September,"11,613.00","11,869.00",0,0,"18,770.00",0,"12,826.00","9,234.00","3,564.00","1,498.00","10,798.00","11,262.00"
Agustus,"10,924.00","11,129.00",0,0,"16,950.00",0,"11,745.00","8,563.00","3,307.00","1,409.00","9,766.00","10,372.00"
Juli,"10,278.00","10,486.00",0,0,"15,660.00",0,"11,061.00","8,086.00","3,166.00","1,325.00","9,296.00","9,983.00"
Juni,"9,929.00","10,035.00",0,0,"15,159.00",0,"10,526.00","7,841.00","3,124.00","1,280.00","9,184.00","9,473.00"
Mei,"9,802.00","9,705.00",0,0,"14,927.00",0,"10,276.00","7,786.00","3,185.00","1,263.00","9,476.00","9,516.00"
April,"9,722.00","9,925.00",0,0,"15,055.00",0,"10,368.00","7,879.00","3,207.00","1,253.00","10,057.00","9,606.00"
Maret,"9,719.00","10,323.00",0,0,"14,714.00",0,"10,191.00","7,816.00","3,133.00","1,252.00","10,130.00","9,564.00"
Februari,"9,667.00","10,460.00",0,0,"14,663.00",0,"10,405.00","7,822.00","3,125.00","1,246.00","9,926.00","9,451.00"
Januari,"9,698.00","10,676.00",0,0,"15,325.00",0,"10,655.00","7,834.00","3,133.00","1,250.00","10,113.00","9,677.00"
2012,0,0,0,0,0,0,0,0,0,0,0,0
Desember,"9,670.00","11,197.00",0,0,"15,579.00",0,"10,597.00","7,907.00","3,160.00","1,247.00","10,025.00","9,722.00"
November,"9,605.00","11,644.00",0,0,"15,412.00",0,"10,369.00","7,872.00","3,156.00","1,239.00","10,011.00","9,674.00"
Oktober,"9,615.00","12,090.00",0,0,"15,461.00",0,"10,319.00","7,882.00","3,149.00","1,241.00","9,984.00","9,621.00"
September,"9,588.00","12,364.00",0,0,"15,586.00",0,"10,251.00","7,826.00","3,132.00","1,237.00","10,038.00","9,794.00"
Agustus,"9,560.00","12,174.00",0,0,"15,097.00",0,"9,963.00","7,631.00","3,060.00","1,233.00","9,838.00","9,634.00"
Juli,"9,485.00","12,135.00",0,0,"14,911.00",0,"9,688.00","7,616.00","3,013.00","1,223.00","9,974.00","9,477.00"
Juni,"9,480.00","11,963.00",0,0,"14,732.00",0,"9,826.00","7,415.00","2,967.00","1,222.00","9,524.00","9,181.00"
Mei,"9,565.00","12,141.00",0,0,"14,803.00",0,"9,851.00","7,425.00","3,007.00","1,232.00","9,284.00","9,292.00"
April,"9,190.00","11,467.00",0,0,"14,961.00",0,"10,128.00","7,425.00","3,029.00","1,184.00","9,604.00","9,370.00"
Maret,"9,180.00","11,176.00",0,0,"14,670.00",0,"10,168.00","7,309.00","2,996.00","1,182.00","9,555.00","9,218.00"
Februari,"9,085.00","11,275.00",0,0,"14,466.00",0,"10,156.00","7,287.00","3,031.00","1,171.00","9,827.00","9,144.00"
Januari,"9,000.00","11,792.00",0,0,"14,152.00",0,"9,836.00","7,176.00","2,954.00","1,160.00","9,573.00","8,997.00"
2011,0,0,0,0,0,0,0,0,0,0,0,0
Desember,"9,068.00","11,680.00",0,0,"13,969.00",0,"9,636.00","6,974.00","2,853.00","1,167.00","9,203.00","8,882.00"
November,"9,170.00","11,772.00",0,0,"14,315.00",0,"9,975.00","7,090.00","2,896.00","1,177.00","9,225.00","8,898.00"
Oktober,"8,835.00","11,186.00",0,0,"14,162.00",0,"10,172.00","7,092.00","2,887.00","1,138.00","9,348.00","8,866.00"
September,"8,823.00","11,524.00",0,0,"13,764.00",0,"9,810.00","6,796.00","2,768.00","1,132.00","8,611.00","8,498.00"
Agustus,"8,578.00","11,099.00",0,0,"13,981.00",0,"10,816.00","7,103.00","2,871.00","1,100.00","8,990.00","8,693.00"
Juli,"8,508.00","10,955.00",0,0,"13,900.00",0,"10,609.00","7,065.00","2,879.00","1,092.00","9,336.00","8,941.00"
Juni,"8,597.00","10,672.00",0,0,"13,835.00",0,"10,334.00","6,985.00","2,846.00","1,105.00","9,220.00","8,884.00"
Mei,"8,537.00","10,522.00",0,0,"14,110.00",0,"10,055.00","6,929.00","2,838.00","1,097.00","9,162.00","8,764.00"
April,"8,574.00","10,513.00",0,0,"14,280.00",0,"9,815.00","6,987.00","2,883.00","1,103.00","9,352.00","9,014.00"
Maret,"8,709.00","10,514.00",0,0,"14,026.00",0,"9,484.00","6,906.00","2,879.00","1,118.00","9,001.00","8,972.00"
Februari,"8,823.00","10,795.00",0,0,"14,190.00",0,"9,499.00","6,916.00","2,888.00","1,132.00","8,940.00","9,022.00"
Januari,"9,057.00","11,036.00",0,0,"14,359.00",0,"9,622.00","7,046.00","2,926.00","1,162.00","8,982.00","9,052.00"
2010,0,0,0,0,0,0,0,0,0,0,0,0
Desember,"8,991.00","11,029.00",0,0,"13,894.00",0,"9,600.00","6,981.00","2,916.00","1,155.00","9,143.00","8,987.00"
November,"9,013.00","10,713.00",0,0,"14,035.00",0,"9,028.00","6,843.00","2,858.00","1,161.00","8,701.00","8,860.00"
Oktober,"8,928.00","11,080.00",0,0,"14,235.00",0,"9,072.00","6,880.00","2,873.00","1,151.00","8,722.00","8,746.00"
September,"8,924.00","10,677.00",0,0,"14,112.00",0,"9,129.00","6,774.00","2,892.00","1,150.00","8,630.00","8,636.00"
Agustus,"9,041.00","10,714.00",0,0,"13,979.00",0,"8,833.00","6,664.00","2,878.00","1,162.00","8,079.00","8,526.00"
Juli,"8,952.00","10,350.00",0,0,"13,997.00",0,"8,603.00","6,569.00","2,808.00","1,153.00","8,050.00","8,646.00"
Juni,"9,083.00","10,258.00",0,0,"13,680.00",0,"8,385.00","6,481.00","2,784.00","1,167.00","8,620.00","8,620.00"
Mei,"9,180.00","10,040.00",0,0,"13,297.00",0,"7,946.00","6,546.00","1,178.00","1,178.00","8,738.00","8,738.00"
April,"9,012.00","9,574.00",0,0,"13,815.00",0,"8,316.00","6,583.00","2,823.00","1,161.00","8,378.00","8,969.00"
Maret,"9,115.00","9,771.00",0,0,"13,738.00",0,"8,536.00","6,505.00","2,784.00","1,174.00","8,344.00","8,960.00"
Februari,"9,335.00","10,231.00",0,0,"14,352.00",0,"8,606.00","6,616.00","2,742.00","1,202.00","8,326.00","8,856.00"
Januari,"9,365.00","10,410.00",0,0,"15,114.00",0,"8,900.00","6,664.00","2,740.00","1,206.00","8,362.00","8,774.00"
2009,0,0,0,0,0,0,0,0,0,0,0,0
Desember,"9,400.00","10,170.00",0,0,"15,114.00",0,"9,087.00","6,699.00","2,747.00","1,212.00","8,432.00","8,936.00"
November,"9,480.00","10,933.00",0,0,"15,718.00",0,"9,456.00","6,857.00","2,796.00","1,223.00","8,692.00","8,981.00"
Oktober,"9,545.00","10,454.00",0,0,"15,814.00",0,"9,377.00","6,834.00","2,802.00","1,232.00","8,727.00","8,941.00"
September,"9,681.00","10,779.00",0,0,"15,506.00",0,"9,365.00","6,841.00","2,782.00","1,249.00","8,509.00","8,951.00"
Agustus,"10,060.00","10,850.00",0,0,"16,350.00",0,"9,498.00","6,980.00","2,857.00","1,298.00","8,465.00","9,197.00"
Juli,"9,920.00","10,412.00",0,0,"16,386.00",0,"9,140.00","6,882.00","2,819.00","1,280.00","8,204.00","9,175.00"
Juni,"10,225.00","10,659.00",0,0,"16,990.00",0,"9,458.00","7,055.00","2,902.00","1,319.00","8,291.00","8,850.00"
Mei,"10,340.00","10,729.00",0,0,"16,508.00",0,"9,567.00","7,124.00","3,948.00","1,334.00","8,139.00","9,301.00"
April,"10,713.00","10,975.00",0,0,"15,856.00",0,"9,455.00","7,222.00","3,003.00","1,382.00","7,792.00","8,938.00"
Maret,"11,575.00","11,794.00",0,0,"16,559.00",0,"10,094.00","7,617.00","3,172.00","1,494.00","7,949.00","9,210.00"
Februari,"11,980.00","12,266.00",0,0,"17,092.00",0,"10,280.00","7,776.00","3,249.00","1,545.00","7,732.00","9,545.00"
Januari,"11,355.00","12,676.00",0,0,"16,153.00",0,"9,842.00","7,528.00","3,146.00","1,464.00","7,327.00","9,241.00"
2008,0,0,0,0,0,0,0,0,0,0,0,0
Desember,"10,950.00","12,123.00",0,0,"15,803.00",0,"10,349.00","7,607.00","3,153.00","1,413.00","7,556.00","8,978.00"
November,"12,151.00","12,743.00",0,0,"18,708.00",0,"10,116.00","8,068.00","3,361.00","1,567.00","7,951.00","9,827.00"
Oktober,"10,995.00","11,194.00",0,0,"17,927.00",0,"9,630.00","7,433.00","3,088.00","1,418.00","7,324.00","9,043.00"
September,"9,378.00","8,853.00",0,0,"17,279.00",0,"8,644.00","6,594.00","2,731.00","1,205.00","7,844.00","9,076.00"
Agustus,"9,153.00","8,390.00",0,0,"16,765.00",0,"8,360.00","6,460.00","2,698.00","1,172.00","7,916.00","8,711.00"
Juli,"9,118.00","8,445.00",0,0,"18,057.00",0,"8,711.00","6,665.00","2,794.00","1,169.00","8,613.00","8,912.00"
Juni,"9,225.00","8,672.00",0,0,"18,397.00",0,"9,048.00","6,779.00","2,825.00","1,183.00","8,879.00","9,137.00"
Mei,"9,318.00","8,827.00",0,0,"18,410.00",0,"8,884.00","6,822.00","2,875.00","1,194.00","8,894.00","9,416.00"
April,"9,234.00","8,865.00",0,0,"18,157.00",0,"8,895.00","6,784.00","2,925.00","1,185.00","8,622.00","9,111.00"
Maret,"9,217.00","9,227.00",0,0,"18,391.00",0,"9,241.00","6,683.00","2,893.00","1,184.00","8,450.00","9,012.00"
Februari,"9,230.00","7,926.00",0,0,"16,052.00",0,"6,978.00","5,679.00","2,486.00","1,190.00","6,801.00","8,090.00"
Januari,"9,291.00","8,732.00",0,0,"18,449.00",0,"8,566.00","6,550.00","2,871.00","1,191.00","8,268.00","9,335.00"
2007,0,0,0,0,0,0,0,0,0,0,0,0
Desember,"9,419.00","8,307.00",0,0,"18,804.00",0,"8,260.00","6,502.00","2,828.00","1,208.00","8,229.00","9,596.00"
November,"9,376.00","8,516.00",0,0,"19,355.00",0,"8,382.00","6,485.00","2,792.00","1,204.00","8,309.00","9,400.00"
Oktober,"9,103.00","7,932.00",0,0,"18,837.00",0,"7,859.00","6,279.00","2,724.00","1,175.00","8,394.00","9,544.00"
September,"9,137.00","7,935.00",0,0,"18,497.00",0,"7,801.00","6,132.00","2,676.00","1,177.00","8,058.00","9,127.00"
Agustus,"9,410.00","8,107.00",0,0,"18,963.00",0,"7,828.00","6,178.00","2,687.00","1,207.00","7,696.00","8,899.00"
Juli,"9,186.00","7,724.00",0,0,"18,665.00",0,"7,640.00","6,079.00","2,659.00","1,174.00","7,901.00","8,630.00"
Juni,"9,054.00","7,347.00",0,0,"18,125.00",0,"7,344.00","5,908.00","2,619.00","1,158.00","7,676.00","8,544.00"
Mei,"8,828.00","7,266.00",0,0,"17,441.00",0,"7,203.00","5,772.00","2,596.00","1,131.00","7,260.00","8,221.00"
April,"8,828.00","7,266.00",0,0,"17,441.00",0,"7,203.00","5,772.00","2,596.00","1,131.00","7,260.00","8,221.00"
Maret,"9,118.00","7,758.00",0,0,"17,895.00",0,"7,491.00","6,012.00","2,638.00","1,167.00","7,364.00","7,875.00"
Februari,"9,160.00","7,733.00",0,0,"17,987.00",0,"7,513.00","5,994.00","2,613.00","1,173.00","7,213.00","7,846.00"
Januari,"9,090.00","7,473.00",0,0,"17,835.00",0,"7,260.00","5,914.00","2,596.00","1,164.00","7,019.00","7,701.00"
2006,0,0,0,0,0,0,0,0,0,0,0,0
Desember,"9,020.00","7,580.00",0,0,"17,697.00",0,"7,382.00","5,879.00","2,554.00","1,160.00","7,133.00","7,774.00"
November,"9,165.00","7,886.00",0,0,"17,855.00",0,"7,582.00","5,937.00","2,531.00","1,179.00","7,197.00","8,052.00"
Oktober,"9,110.00","7,755.00",0,0,"17,316.00",0,"7,292.00","5,833.00","2,498.00","1,172.00","7,009.00","8,095.00"
September,"9,235.00","7,841.00",0,0,"17,340.00",0,"7,408.00","5,819.00","2,507.00","1,186.00","6,907.00","8,310.00"
Agustus,"9,100.00","7,767.00",0,0,"17,334.00",0,"7,410.00","5,787.00","2,472.00","1,170.00","6,946.00","8,206.00"
Juli,"9,070.00","7,913.00",0,0,"16,892.00",0,"7,358.00","5,742.00","2,482.00","1,167.00","6,944.00","8,023.00"
Juni,"9,300.00","8,096.00",0,0,"17,050.00",0,"7,546.00","5,854.00","2,530.00","1,197.00","6,894.00","8,383.00"
Mei,"9,220.00","8,220.00",0,0,"17,354.00",0,"7,608.00","5,849.00","2,541.00","1,188.00","7,036.00","8,385.00"
April,"8,775.00","7,672.00",0,0,"15,797.00",0,"6,962.00","5,543.00","2,421.00","1,132.00","6,625.00","7,805.00"
Maret,"9,075.00","7,698.00",0,0,"15,820.00",0,"6,934.00","5,596.00","2,455.00","1,169.00","6,377.00","7,757.00"
Februari,"9,230.00","7,926.00",0,0,"16,052.00",0,"6,978.00","5,679.00","2,486.00","1,190.00","6,801.00","8,090.00"
Januari,"9,395.00","8,008.00",0,0,"16,616.00",0,"7,317.00","5,768.00","2,505.00","1,211.00","7,050.00","8,177.00"
2005,0,0,0,0,0,0,0,0,0,0,0,0
Desember,"9,830.00","8,342.00",0,0,"16,947.00",0,"7,490.00","5,907.00","2,601.00","1,268.00","7,207.00","8,448.00"
November,"10,035.00","8,392.00",0,0,"17,243.00",0,"7,639.00","5,925.00","2,655.00","1,294.00","7,414.00","8,583.00"
Oktober,"10,090.00","8,725.00",0,0,"17,913.00",0,"7,882.00","5,967.00","2,673.00","1,301.00","7,567.00","8,578.00"
September,"10,310.00","9,124.00",0,0,"18,166.00",0,"7,976.00","6,105.00","2,735.00","1,329.00","7,858.00","8,800.00"
Agustus,"10,240.00","9,211.00",0,0,"18,307.00",0,"8,077.00","6,080.00","2,715.00","1,318.00","7,664.00","8,588.00"
Juli,"9,819.00","8,747.00",0,0,"17,231.00",0,"7,643.00","5,910.00","2,618.00","1,263.00","7,461.00","7,979.00"
Juni,"9,713.00","8,799.00",0,0,"17,544.00",0,"7,579.00","5,764.00","2,556.00","1,250.00","7,416.00","7,898.00"
Mei,"9,495.00","8,776.00",0,0,"17,231.00",0,"7,621.00","5,710.00","2,499.00","1,221.00","7,175.00","7,532.00"
April,"9,570.00","9,041.00",0,0,"18,274.00",0,"8,040.00","5,811.00","2,518.00","1,227.00","7,442.00","7,643.00"
Maret,"9,480.00","8,848.00",0,0,"17,815.00",0,"7,909.00","5,749.00","2,495.00","1,216.00","7,313.00","7,790.00"
Februari,"9,260.00","8,835.00",0,0,"17,813.00",0,"7,979.00","5,687.00","2,437.00","1,187.00","7,310.00","7,494.00"
Januari,"9,165.00","8,844.00",0,0,"17,273.00",0,"7,707.00","5,591.00","2,412.00","1,175.00","7,093.00","7,377.00"
2004,0,0,0,0,0,0,0,0,0,0,0,0
Desember,"9,290.00","9,042.00",0,0,"17,888.00",0,"8,194.00","5,685.00","2,445.00","1,195.00","7,242.00","7,717.00"
November,"9,018.00","8,740.00",0,0,"17,032.00",0,"7,882.00","5,493.00","2,373.00","1,160.00","7,003.00","7,593.00"
Oktober,"9,090.00","8,561.00",0,0,"16,645.00",0,"7,568.00","5,464.00","2,392.00","1,169.00","6,769.00","7,434.00"
September,"9,710.00","8,264.00",0,0,"16,509.00",0,"7,276.00","5,421.00","2,413.00","1,176.00","7,222.00","7,222.00"
Agustus,"9,328.00","8,508.00",0,0,"16,778.00",0,"7,309.00","5,444.00","2,455.00","1,196.00","6,541.00","7,086.00"
Juli,"9,168.00","8,188.00",0,0,"16,667.00",0,"7,162.00","5,319.00","2,413.00","1,175.00","6,410.00","6,912.00"
Juni,"9,415.00","8,680.00",0,0,"17,029.00",0,"7,446.00","5,485.00","2,478.00","1,207.00","6,480.00","6,991.00"
Mei,"9,210.00","8,384.00",0,0,"16,897.00",0,"7,352.00","5,422.00","2,424.00","1,182.00","6,564.00","6,753.00"
April,"8,661.00","7,856.00",0,0,"15,379.00",0,"6,716.00","5,081.00","2,279.00","1,110.00","6,249.00","6,316.00"
Maret,"8,587.00","8,212.00",0,0,"15,728.00",0,"6,722.00","5,118.00","2,260.00","1,102.00","6,507.00","6,585.00"
Februari,"8,447.00","7,715.00",0,0,"15,744.00",0,"6,667.00","4,961.00","2,223.00","1,085.00","6,519.00","6,281.00"
Januari,"8,441.00","7,964.00",0,0,"15,339.00",0,"6,706.00","4,955.00","2,221.00","1,086.00","6,439.00","6,342.00"
2003,0,0,0,0,0,0,0,0,0,0,0,0
Desember,"8,465.00","7,917.00",0,0,"15,076.00",0,"6,824.00","4,977.00","2,228.00","1,090.00","6,347.00","6,541.00"
November,"8,537.00","7,814.00",0,0,"14,532.00",0,"6,562.00","4,959.00","2,247.00","1,100.00","6,162.00","6,545.00"
Oktober,"8,495.00","7,807.00",0,0,"14,413.00",0,"6,369.00","4,891.00","2,236.00","1,094.00","5,987.00","6,463.00"
September,"8,389.00","7,553.00",0,0,"14,010.00",0,"6,342.00","4,854.00","2,208.00","1,083.00","5,702.00","6,203.00"
Agustus,"8,535.00","7,286.00",0,0,"13,474.00",0,"6,042.00","4,858.00","2,246.00","1,094.00","5,465.00","6,095.00"
Juli,"8,505.00","7,081.00",0,0,"13,740.00",0,"6,232.00","4,837.00","2,238.00","1,091.00","5,541.00","6,065.00"
Juni,"8,285.00","6,913.00",0,0,"13,698.00",0,"6,131.00","4,716.00","2,180.00","1,062.00","5,525.00","6,150.00"
Mei,"8,279.00","6,926.00",0,0,"13,542.00",0,"6,375.00","4,769.00","2,179.00","1,062.00","5,965.00","9,723.00"
April,"8,675.00","7,263.00",0,0,"13,852.00",0,"6,397.00","4,895.00","2,283.00","1,112.00","6,031.00","9,653.00"
Maret,"8,908.00","7,450.00",0,0,"14,033.00",0,"6,524.00","5,048.00","2,344.00","1,142.00","6,060.00","9,634.00"
Februari,"8,905.00","7,564.00",0,0,"14,059.00",0,"6,543.00","5,125.00","2,343.00","1,142.00","5,960.00","9,570.00"
Januari,"8,876.00","7,449.00",0,0,"14,674.00",0,"6,544.00","5,106.00","2,336.00","1,138.00","5,218.00","5,810.00"
2002,0,0,0,0,0,0,0,0,0,0,0,0
Desember,"8,940.00","7,540.00",0,0,"14,335.00",0,"6,445.00","5,154.00","2,353.00","1,146.00","5,065.00","5,672.00"
November,"8,976.00","7,338.00",0,0,"13,916.00",0,"6,043.00","5,092.00","2,362.00","1,151.00","5,037.00","5,703.00"
Oktober,"9,233.00","7,507.00",0,0,"14,400.00",0,"6,229.00","5,220.00","2,425.00","1,184.00","5,111.00","5,883.00"
September,"9,015.00","7,412.00",0,0,"14,090.00",0,"6,053.00","5,071.00","2,372.00","1,156.00","4,897.00","5,709.00"
Agustus,"8,867.00","7,509.00",0,0,"13,724.00",0,"5,936.00","5,069.00","2,333.00","1,137.00","4,898.00","5,688.00"
Juli,"9,108.00","7,600.00",0,0,"14,327.00",0,"6,157.00","5,163.00","2,397.00","1,168.00","4,988.00","5,783.00"
Juni,"8,730.00","7,309.00",0,0,"13,342.00",0,"5,859.00","4,944.00","2,297.00","1,119.00","4,930.00","5,776.00"
Mei,"8,785.00","7,122.00",0,0,"12,873.00",0,"5,623.00","4,920.00","2,312.00","1,126.00","4,975.00","5,724.00"
April,"9,316.00","7,270.00",0,0,"13,583.00",0,"5,750.00","5,146.00","2,452.00","1,194.00","5,028.00","5,949.00"
Maret,"9,655.00","7,290.00",0,0,"13,768.00",0,"5,756.00","5,240.00","2,541.00","1,238.00","5,120.00","6,059.00"
Februari,"10,189.00","7,612.00",0,0,"14,459.00",0,"5,970.00","5,554.00","2,681.00","1,306.00","5,260.00","6,332.00"
Januari,"10,320.00","7,780.00","4,552.00","4,040.00","14,601.00","1,357.00","6,046.00","5,632.00","2,716.00","1,323.00","5,239.00","6,501.00"
2001,0,0,0,0,0,0,0,0,0,0,0,0
Desember,"10,400.00","7,916.00","4,698.00","4,170.00","15,080.00","1,401.00","6,208.00","5,621.00","2,737.00","1,334.00","5,310.00","6,544.00"
November,"10,430.00","8,415.00","4,728.00","4,196.00","14,860.00","1,409.00","6,296.00","5,692.00","2,745.00","1,337.00","5,407.00","6,608.00"
Oktober,"10,435.00","8,559.00","4,837.00","4,293.00","15,159.00","1,442.00","6,431.00","5,726.00","2,746.00","1,338.00","5,264.00","6,609.00"
September,"9,675.00","8,112.00","4,524.00","4,015.00","14,237.00","1,349.00","5,982.00","5,483.00","2,546.00","1,240.00","4,745.00","6,127.00"
Agustus,"8,865.00","7,454.00","4,160.00","3,692.00","12,932.00","1,240.00","5,372.00","5,099.00","2,333.00","1,137.00","4,734.00","5,733.00"
Juli,"9,525.00","7,629.00","4,262.00","3,783.00","13,607.00","1,271.00","5,521.00","5,283.00","2,507.00","1,221.00","4,798.00","6,233.00"
Juni,"11,440.00","9,220.00","4,946.00","4,389.00","16,117.00","1,475.00","6,353.00","6,284.00","3,011.00","1,467.00","5,794.00","7,509.00"
Mei,"11,058.00","9,217.00","4,838.00","4,294.00","15,765.00","1,443.00","6,211.00","6,114.00","2,910.00","1,418.00","5,655.00","7,156.00"
April,"11,675.00","9,421.00","5,321.00","4,722.00","16,745.00","1,586.00","6,768.00","6,422.00","3,072.00","1,497.00","5,948.00","7,570.00"
Maret,"10,400.00","8,370.00","4,682.00","4,155.00","14,852.00","1,396.00","6,014.00","5,779.00","2,737.00","1,333.00","5,099.00","6,609.00"
Februari,"9,835.00","8,453.00","4,610.00","4,091.00","14,180.00","1,375.00","5,856.00","5,647.00","2,588.00","1,261.00","5,153.00","6,433.00"
Januari,"9,450.00","8,131.00","4,478.00","3,974.00","13,815.00","1,335.00","5,744.00","5,416.00","2,487.00","1,212.00","5,168.00","6,285.00"
2000,"9,595.00","8,357.00","4,557.00","4,044.00","14,299.00","1,359.00","5,860.00","5,539.00","2,525.00","5,319.00",460,"6,389.00"
1999,"7,100.00","6,947.00","3,655.00","3,243.00","11,495.00","1,090.00","4,450.00","4,260.00","1,868.00","4,622.00",369,"4,886.00"
1998,"8,025.00","7,000.00","4,777.00","4,240.00","13,336.00","1,424.00","5,807.00","4,836.00","2,112.00","4,923.00",482,"5,182.00"
1997,"4,650.00","3,578.00","2,598.00","2,306.00","7,709.00",776,"3,197.00","2,773.00","1,198.00","3,040.00",264,"3,247.00"
1996,"2,383.00","2,058.00","1,536.00","1,368.00","4,037.00",456,"1,773.00","1,705.00",944,"1,903.00",156,"1,745.00"
